{"name":"da0c6ca7-7d63-4691-b05e-cf6b72f949cd","id":"/providers/Microsoft.Flow/flows/da0c6ca7-7d63-4691-b05e-cf6b72f949cd","type":"Microsoft.Flow/flows","properties":{"apiId":"/providers/Microsoft.PowerApps/apis/shared_logicflows","displayName":"Capstone Recommendation System","definition":{"metadata":{"workflowEntityId":null,"flowclientsuspensionreason":"None","flowclientsuspensiontime":null,"creator":{"id":"38df7deb-56b8-4a04-af9c-9c5c70742a68","type":"User","tenantId":"31fa3fc8-0d67-4b00-8f5a-3a9a69c281b8"},"provisioningMethod":"FromDefinition","failureAlertSubscription":true,"clientLastModifiedTime":"2021-04-14T18:03:02.0006129Z"},"$schema":"https://schema.management.azure.com/providers/Microsoft.Logic/schemas/2016-06-01/workflowdefinition.json#","contentVersion":"1.0.0.0","parameters":{"$connections":{"defaultValue":{},"type":"Object"},"$authentication":{"defaultValue":{},"type":"SecureObject"}},"triggers":{"*Set_to_First_Sharepoint":{"recurrence":{"frequency":"Minute","interval":3},"splitOn":"@triggerOutputs()?['body/value']","type":"OpenApiConnection","inputs":{"host":{"apiId":"/providers/Microsoft.PowerApps/apis/shared_sharepointonline","connectionName":"shared_sharepointonline","operationId":"GetOnNewItems"},"parameters":{"dataset":"https://blackbaud.sharepoint.com/sites/CoCCapstone-ProjectTeam","table":"54ae4ca2-7ec0-4d83-91a4-c0bbdd2e7867"},"authentication":"@parameters('$authentication')"}}},"actions":{"Loop_Through_Events":{"foreach":"@outputs('*Set_Event_ID')?['body/value']","actions":{"*Set_Form_\"Email\"":{"actions":{"*Registration_Fee_Condition":{"actions":{"*Needs_to_Pay_Fee_Result":{"runAfter":{},"type":"OpenApiConnection","inputs":{"host":{"apiId":"/providers/Microsoft.PowerApps/apis/shared_sharepointonline","connectionName":"shared_sharepointonline","operationId":"PostItem"},"parameters":{"dataset":"https://blackbaud.sharepoint.com/sites/CoCCapstone-ProjectTeam","table":"f6a0c50a-fe34-44d3-8ed3-33b04107c6e3","item/Title":"@triggerOutputs()?['body/Title']","item/Recommendation":"Please be sure to pay your registration fee, thank you!","item/Details":"You have fees posted for this event. If you have already paid them, head through the front door. "},"authentication":"@parameters('$authentication')"}}},"runAfter":{},"else":{"actions":{"*Participation_Level_Condition":{"runAfter":{},"cases":{"Attendee":{"case":"Attendee","actions":{"*Attendee_Result":{"runAfter":{},"type":"OpenApiConnection","inputs":{"host":{"apiId":"/providers/Microsoft.PowerApps/apis/shared_sharepointonline","connectionName":"shared_sharepointonline","operationId":"PostItem"},"parameters":{"dataset":"https://blackbaud.sharepoint.com/sites/CoCCapstone-ProjectTeam","table":"f6a0c50a-fe34-44d3-8ed3-33b04107c6e3","item/Title":"@triggerOutputs()?['body/Title']","item/Recommendation":"Thanks for attending this event!","item/Details":"Thank you for attending this event. Go ahead and proceed forward and check out some of the stands."},"authentication":"@parameters('$authentication')"}}}},"Coordinator":{"case":"Coordinator","actions":{"*Coordinator_Result":{"runAfter":{},"type":"OpenApiConnection","inputs":{"host":{"apiId":"/providers/Microsoft.PowerApps/apis/shared_sharepointonline","connectionName":"shared_sharepointonline","operationId":"PostItem"},"parameters":{"dataset":"https://blackbaud.sharepoint.com/sites/CoCCapstone-ProjectTeam","table":"f6a0c50a-fe34-44d3-8ed3-33b04107c6e3","item/Title":"@triggerOutputs()?['body/Title']","item/Recommendation":"Thanks for coordinating this event!","item/Details":"Go ahead and head through the door to your left to join the other event coordinators and get further instruction. "},"authentication":"@parameters('$authentication')"}}}},"Case_3":{"case":"Vendor","actions":{"*Vendor_Result":{"runAfter":{},"type":"OpenApiConnection","inputs":{"host":{"apiId":"/providers/Microsoft.PowerApps/apis/shared_sharepointonline","connectionName":"shared_sharepointonline","operationId":"PostItem"},"parameters":{"dataset":"https://blackbaud.sharepoint.com/sites/CoCCapstone-ProjectTeam","table":"f6a0c50a-fe34-44d3-8ed3-33b04107c6e3","item/Title":"@triggerOutputs()?['body/Title']","item/Recommendation":"Go ahead and start setting up!","item/Details":"Thanks for participating in our event. Go ahead and head forward and set up your booth at your allocated spot."},"authentication":"@parameters('$authentication')"}}}}},"default":{"actions":{}},"expression":"@items('Loop_Through_Events')?['participation_level/name']","type":"Switch"}}},"expression":{"greater":["@items('Loop_Through_Events')?['total_registration_fees']",0]},"type":"If"}},"runAfter":{},"expression":{"equals":["@items('Loop_Through_Events')?['email']","@triggerOutputs()?['body/Email']"]},"type":"If"}},"runAfter":{"*Set_Event_ID":["Succeeded"]},"type":"Foreach"},"*Set_Event_ID":{"runAfter":{},"type":"OpenApiConnection","inputs":{"host":{"apiId":"/providers/Microsoft.PowerApps/apis/shared_blackbaudraisersedge","connectionName":"shared_blackbaudraisersedge","operationId":"ListEventParticipants"},"parameters":{"event_id":"11","limit":500},"authentication":"@parameters('$authentication')"}}},"outputs":{}},"connectionReferences":{"shared_sharepointonline":{"connectionName":"c4cc15805b64425ca3920c5f3b493741","source":"Embedded","id":"/providers/Microsoft.PowerApps/apis/shared_sharepointonline","tier":"NotSpecified"},"shared_blackbaudraisersedge":{"connectionName":"shared-blackbaudrais-4a982b3d-6ba9-4e0c-b6f9-39ca-601cfef6","source":"Embedded","id":"/providers/Microsoft.PowerApps/apis/shared_blackbaudraisersedge","tier":"NotSpecified"}},"flowFailureAlertSubscribed":false}}