{"name":"452c50b1-f4df-4875-b1fe-c86630f839db","id":"/providers/Microsoft.Flow/flows/452c50b1-f4df-4875-b1fe-c86630f839db","type":"Microsoft.Flow/flows","properties":{"apiId":"/providers/Microsoft.PowerApps/apis/shared_logicflows","displayName":"Register","definition":{"metadata":{"workflowEntityId":null,"flowclientsuspensionreason":"None","flowclientsuspensiontime":null,"creator":{"id":"38df7deb-56b8-4a04-af9c-9c5c70742a68","type":"User","tenantId":"31fa3fc8-0d67-4b00-8f5a-3a9a69c281b8"},"provisioningMethod":"FromDefinition","failureAlertSubscription":true,"clientLastModifiedTime":"2021-04-07T23:41:29.5349456Z"},"$schema":"https://schema.management.azure.com/providers/Microsoft.Logic/schemas/2016-06-01/workflowdefinition.json#","contentVersion":"1.0.0.0","parameters":{"$connections":{"defaultValue":{},"type":"Object"},"$authentication":{"defaultValue":{},"type":"SecureObject"}},"triggers":{"*Enter_Registration_Form":{"splitOn":"@triggerOutputs()?['body/value']","type":"OpenApiConnectionWebhook","inputs":{"host":{"apiId":"/providers/Microsoft.PowerApps/apis/shared_microsoftforms","connectionName":"shared_microsoftforms","operationId":"CreateFormWebhook"},"parameters":{"form_id":"yD_6MWcNAEuPWjqaacKBuOt93zi4VgRKr5ycXHB0KmhUMzlPWTJNMTY5VVlNRThSTEZJRFZRWUtBUS4u"},"authentication":"@parameters('$authentication')"}}},"actions":{"*Input_Event_ID":{"runAfter":{"Create_a_Constituent":["Succeeded"]},"type":"OpenApiConnection","inputs":{"host":{"apiId":"/providers/Microsoft.PowerApps/apis/shared_blackbaudraisersedge","connectionName":"shared_blackbaudraisersedge","operationId":"CreateParticipant"},"parameters":{"event_id":"11","body/constituent_id":"@outputs('Create_a_Constituent')?['body/id']","body/attended":true,"body/participation_level/name":"@outputs('Get_Response_Details')?['body/r5283ae3412b24e26adcb485c80e5e33a']"},"authentication":"@parameters('$authentication')"}},"Set_Participant_Attributes_for_Sharepoint":{"runAfter":{"*Input_Event_ID":["Succeeded"]},"type":"OpenApiConnection","inputs":{"host":{"apiId":"/providers/Microsoft.PowerApps/apis/shared_sharepointonline","connectionName":"shared_sharepointonline","operationId":"PostItem"},"parameters":{"dataset":"https://blackbaud.sharepoint.com/sites/CoCCapstone-ProjectTeam","table":"54ae4ca2-7ec0-4d83-91a4-c0bbdd2e7867","item/Title":"@outputs('Create_a_Constituent')?['body/id']","item/Name":"@{outputs('Get_Response_Details')?['body/rdd94862bb7ee410dbf4d21aa3b8f5ffa']} @{outputs('Get_Response_Details')?['body/rde865e7bd56745c1a1e6257b0db4d277']}","item/Email":"@outputs('Get_Response_Details')?['body/r104cde999a0e49b9a0f94ad20f36f9e8']"},"authentication":"@parameters('$authentication')"}},"Get_Response_Details":{"runAfter":{},"type":"OpenApiConnection","inputs":{"host":{"apiId":"/providers/Microsoft.PowerApps/apis/shared_microsoftforms","connectionName":"shared_microsoftforms","operationId":"GetFormResponseById"},"parameters":{"form_id":"yD_6MWcNAEuPWjqaacKBuOt93zi4VgRKr5ycXHB0KmhUMzlPWTJNMTY5VVlNRThSTEZJRFZRWUtBUS4u","response_id":"@triggerOutputs()?['body/resourceData/responseId']"},"authentication":"@parameters('$authentication')"}},"Create_a_Constituent":{"runAfter":{"Get_Response_Details":["Succeeded"]},"type":"OpenApiConnection","inputs":{"host":{"apiId":"/providers/Microsoft.PowerApps/apis/shared_blackbaudraisersedge","connectionName":"shared_blackbaudraisersedge","operationId":"CreateIndividualConstituent"},"parameters":{"body/last":"@outputs('Get_Response_Details')?['body/rde865e7bd56745c1a1e6257b0db4d277']","body/first":"@outputs('Get_Response_Details')?['body/rdd94862bb7ee410dbf4d21aa3b8f5ffa']","body/address/type":"Home","body/address/address_lines":"@outputs('Get_Response_Details')?['body/rac324fbfcb944675bb45982788b5d974']","body/email/type":"Email","body/email/address":"@outputs('Get_Response_Details')?['body/r104cde999a0e49b9a0f94ad20f36f9e8']"},"authentication":"@parameters('$authentication')"}}}},"connectionReferences":{"shared_blackbaudraisersedge":{"connectionName":"shared-blackbaudrais-4a982b3d-6ba9-4e0c-b6f9-39ca-601cfef6","source":"Embedded","id":"/providers/Microsoft.PowerApps/apis/shared_blackbaudraisersedge","tier":"NotSpecified"},"shared_sharepointonline":{"connectionName":"c4cc15805b64425ca3920c5f3b493741","source":"Embedded","id":"/providers/Microsoft.PowerApps/apis/shared_sharepointonline","tier":"NotSpecified"},"shared_microsoftforms":{"connectionName":"shared-microsoftform-49f15baf-a8af-41cb-8331-c7a5-0c8333e8","source":"Embedded","id":"/providers/Microsoft.PowerApps/apis/shared_microsoftforms","tier":"NotSpecified"}},"flowFailureAlertSubscribed":false}}