{"schemaVersion":"1.0","appDefinitionTemplate":{"id":"/providers/Microsoft.PowerApps/apps/","type":"Microsoft.PowerApps/apps","tags":{"primaryDeviceWidth":"1366","primaryDeviceHeight":"768","sienaVersion":"20210414T212711Z-3.21035.34.0","deviceCapabilities":"microphone","supportsPortrait":"false","supportsLandscape":"true","primaryFormFactor":"Tablet","publisherVersion":"3.21035.34","minimumRequiredApiVersion":"2.2.0","hasComponent":"false","hasUnlockedComponent":"false","isUnifiedRootApp":"false"},"properties":{"appVersion":"2021-04-14T21:27:11Z","lifeCycleId":"Published","createdByClientVersion":{"major":3,"minor":21035,"build":34,"revision":0,"majorRevision":0,"minorRevision":0},"minClientVersion":{"major":3,"minor":21035,"build":34,"revision":0,"majorRevision":0,"minorRevision":0},"backgroundColor":"rgba(0, 176, 240, 1)","backgroundImageUri":"/10030999282732192897/N46cf67fb-7ddd-4450-8449-a372a638f83e-logoSmallFile","displayName":"Capstone","description":"","commitMessage":"","appUris":{"documentUri":{"value":"/10030999282732192897/N7f30597c-76c1-4900-8a1f-453b7831acbf-document.msapp"},"imageUris":[]},"createdTime":"0001-01-01T00:00:00Z","lastModifiedTime":"0001-01-01T00:00:00Z","sharedGroupsCount":0,"sharedUsersCount":0,"icons":{"smallIconUri":"/10030999282732192897/N7a6161da-fd28-4610-83bf-b6e29c5de506-small.png","mediumIconUri":"/10030999282732192897/Ncd9996b9-a195-477d-9882-05b80dcfc04c-medium.png","largeIconUri":"/10030999282732192897/N27f11ca8-4e8f-49f0-9811-fbb1af74e5d7-large.png","wideIconUri":"/10030999282732192897/N5d5d48c3-2762-4fbc-aef8-71d0406ebee3-wide.png"},"connectionReferences":{"5d4b150b-2d8a-4de3-86ba-e652f6c19775":{"id":"73fd0c54-5bbe-4bc5-b984-e50207d2c3e3","displayName":"Office 365 Users","iconUri":"https://connectoricons-prod.azureedge.net/releases/v1.0.1459/1.0.1459.2387/office365users/icon.png","dataSources":["Office365Users"],"dependencies":[],"dependents":[],"parameterHints":{},"isOnPremiseConnection":false,"bypassConsent":false,"dataSets":{},"apiTier":"Standard","isCustomApiConnection":false},"6318866d-d6ca-48a9-bd1b-41e174577588":{"id":"147d36c4-2ac8-47a9-bde1-b7f1c7ba3fce","displayName":"Blackbaud Raisers Edge NXT","iconUri":"https://connectoricons-prod.azureedge.net/releases/v1.0.1445/1.0.1445.2347/blackbaudraisersedge/icon.png","dataSources":["BlackbaudRaisersEdgeNXT"],"dependencies":[],"dependents":[],"parameterHints":{},"isOnPremiseConnection":false,"bypassConsent":false,"dataSets":{},"apiTier":"Premium","isCustomApiConnection":false},"6532c1b3-7592-461e-a937-af9bf7ab1ba0":{"id":"fdb3505a-7edb-41e1-9b2f-eedf93389a5d","displayName":"SharePoint","iconUri":"https://connectoricons-prod.azureedge.net/releases/v1.0.1458/1.0.1458.2381/sharepointonline/icon.png","dataSources":["Raiser's Edge Information","RE-NXT SharePoint","Participant Recommendation"],"dependencies":[],"dependents":[],"parameterHints":{},"isOnPremiseConnection":false,"bypassConsent":false,"dataSets":{"https://blackbaud.sharepoint.com/sites/CoCCapstone-ProjectTeam":{"dataSources":{"Raiser's Edge Information":{"tableName":"02a89a18-937a-4dc3-b6ca-6ae93a65ebd6"},"RE-NXT SharePoint":{"tableName":"54ae4ca2-7ec0-4d83-91a4-c0bbdd2e7867"},"Participant Recommendation":{"tableName":"f6a0c50a-fe34-44d3-8ed3-33b04107c6e3"}}}},"apiTier":"Standard","isCustomApiConnection":false}},"databaseReferences":{},"almMode":"Environment","performanceOptimizationEnabled":true,"canConsumeAppPass":true,"executionRestrictions":{"isTeamsOnly":false,"dataLossPreventionEvaluationResult":{"status":"Compliant","lastEvaluationDate":"2021-03-16T20:16:02.0321638Z","violationDetails":[]}}},"isAppComponentLibrary":false,"appType":"ClassicCanvasApp","appComponents":[]}}