{"name":"270decc3-886a-4adf-9090-96dfbe1d1b7b","id":"/providers/Microsoft.Flow/flows/270decc3-886a-4adf-9090-96dfbe1d1b7b","type":"Microsoft.Flow/flows","properties":{"apiId":"/providers/Microsoft.PowerApps/apis/shared_logicflows","displayName":"CofC Capstone Sign-In","definition":{"metadata":{"workflowEntityId":null,"flowclientsuspensionreason":"None","flowclientsuspensiontime":null,"creator":{"id":"38df7deb-56b8-4a04-af9c-9c5c70742a68","type":"User","tenantId":"31fa3fc8-0d67-4b00-8f5a-3a9a69c281b8"},"provisioningMethod":"FromDefinition","failureAlertSubscription":true,"clientLastModifiedTime":"2021-04-20T00:16:37.9319525Z"},"$schema":"https://schema.management.azure.com/providers/Microsoft.Logic/schemas/2016-06-01/workflowdefinition.json#","contentVersion":"1.0.0.0","parameters":{"$connections":{"defaultValue":{},"type":"Object"},"$authentication":{"defaultValue":{},"type":"SecureObject"}},"triggers":{"*Select_Sign-In_Form":{"splitOn":"@triggerOutputs()?['body/value']","type":"OpenApiConnectionWebhook","inputs":{"host":{"apiId":"/providers/Microsoft.PowerApps/apis/shared_microsoftforms","connectionName":"shared_microsoftforms","operationId":"CreateFormWebhook"},"parameters":{"form_id":"yD_6MWcNAEuPWjqaacKBuOt93zi4VgRKr5ycXHB0KmhUMkhKT0RGSjRSOVQwVkJXRVpSUzdVV0NUSC4u"},"authentication":"@parameters('$authentication')"}}},"actions":{"Get_Response_Details":{"runAfter":{"Participant_Found_Variable":["Succeeded"]},"type":"OpenApiConnection","inputs":{"host":{"apiId":"/providers/Microsoft.PowerApps/apis/shared_microsoftforms","connectionName":"shared_microsoftforms","operationId":"GetFormResponseById"},"parameters":{"form_id":"yD_6MWcNAEuPWjqaacKBuOt93zi4VgRKr5ycXHB0KmhUMkhKT0RGSjRSOVQwVkJXRVpSUzdVV0NUSC4u","response_id":"@triggerOutputs()?['body/resourceData/responseId']"},"authentication":"@parameters('$authentication')"}},"*Select_Event_ID":{"runAfter":{"Get_Response_Details":["Succeeded"]},"type":"OpenApiConnection","inputs":{"host":{"apiId":"/providers/Microsoft.PowerApps/apis/shared_blackbaudraisersedge","connectionName":"shared_blackbaudraisersedge","operationId":"GetEvent"},"parameters":{"event_id":"11"},"authentication":"@parameters('$authentication')"}},"List_Event_Participants":{"runAfter":{"*Select_Event_ID":["Succeeded"]},"type":"OpenApiConnection","inputs":{"host":{"apiId":"/providers/Microsoft.PowerApps/apis/shared_blackbaudraisersedge","connectionName":"shared_blackbaudraisersedge","operationId":"ListEventParticipants"},"parameters":{"event_id":"@outputs('*Select_Event_ID')?['body/id']","limit":500},"authentication":"@parameters('$authentication')"}},"Loop_Through_Event_Participants":{"foreach":"@outputs('List_Event_Participants')?['body/value']","actions":{"*Set_Form_\"Email\"_on_Right_Side":{"actions":{"Search_for_a_Constituent_2":{"runAfter":{},"type":"OpenApiConnection","inputs":{"host":{"apiId":"/providers/Microsoft.PowerApps/apis/shared_blackbaudraisersedge","connectionName":"shared_blackbaudraisersedge","operationId":"SearchConstituent"},"parameters":{"search_text":"@items('Loop_Through_Event_Participants')?['email']"},"authentication":"@parameters('$authentication')"}},"Loop_Through_Constituents_with_Given_Email":{"foreach":"@outputs('Search_for_a_Constituent_2')?['body/value']","actions":{"Create_Sharepoint_Participant":{"runAfter":{},"type":"OpenApiConnection","inputs":{"host":{"apiId":"/providers/Microsoft.PowerApps/apis/shared_sharepointonline","connectionName":"shared_sharepointonline","operationId":"PostItem"},"parameters":{"dataset":"https://blackbaud.sharepoint.com/sites/CoCCapstone-ProjectTeam","table":"54ae4ca2-7ec0-4d83-91a4-c0bbdd2e7867","item/Title":"@items('Loop_Through_Constituents_with_Given_Email')?['id']","item/Name":"@items('Loop_Through_Constituents_with_Given_Email')?['name']","item/Email":"@items('Loop_Through_Constituents_with_Given_Email')?['email']"},"authentication":"@parameters('$authentication')"}}},"runAfter":{"Update_a_participant":["Succeeded"]},"type":"Foreach"},"Set_Participant_Found_=_True":{"runAfter":{"Loop_Through_Constituents_with_Given_Email":["Succeeded"]},"type":"SetVariable","inputs":{"name":"Participant Found","value":true}},"Update_a_participant":{"runAfter":{"Search_for_a_Constituent_2":["Succeeded"]},"type":"OpenApiConnection","inputs":{"host":{"apiId":"/providers/Microsoft.PowerApps/apis/shared_blackbaudraisersedge","connectionName":"shared_blackbaudraisersedge","operationId":"EditParticipant"},"parameters":{"participant_id":"@items('Loop_Through_Event_Participants')?['id']","body/attended":true},"authentication":"@parameters('$authentication')"}}},"runAfter":{},"expression":{"equals":["@items('Loop_Through_Event_Participants')?['email']","@outputs('Get_Response_Details')?['body/r6c5906ecdceb4a9c85357f66baf03e8c']"]},"type":"If"}},"runAfter":{"List_Event_Participants":["Succeeded"]},"type":"Foreach"},"Participant_Found_Variable":{"runAfter":{},"type":"InitializeVariable","inputs":{"variables":[{"name":"Participant Found","type":"boolean","value":false}]}},"Check_If_Participants_Are_Found":{"actions":{},"runAfter":{"Loop_Through_Event_Participants":["Succeeded"]},"else":{"actions":{"*Select_Form_\"Email\"":{"runAfter":{},"type":"OpenApiConnection","inputs":{"host":{"apiId":"/providers/Microsoft.PowerApps/apis/shared_blackbaudraisersedge","connectionName":"shared_blackbaudraisersedge","operationId":"SearchConstituent"},"parameters":{"search_text":"@outputs('Get_Response_Details')?['body/r6c5906ecdceb4a9c85357f66baf03e8c']"},"authentication":"@parameters('$authentication')"}},"Check_If_There_Are_Constituents_with_Email":{"runAfter":{"*Select_Form_\"Email\"":["Succeeded"]},"cases":{"*If_Not_Send_this_Email_to_Register_for_Event":{"case":0,"actions":{"Send_an_email_notification_(V3)_2":{"runAfter":{},"type":"OpenApiConnection","inputs":{"host":{"apiId":"/providers/Microsoft.PowerApps/apis/shared_sendmail","connectionName":"shared_sendmail","operationId":"SendEmailV3"},"parameters":{"request/to":"@{outputs('Get_Response_Details')?['body/r6c5906ecdceb4a9c85357f66baf03e8c']};","request/subject":"Register for Event","request/text":"<p>Thank you for signing in to this event, please use this link to be an official registrant: <a href=\"https://forms.office.com/Pages/ResponsePage.aspx?id=yD_6MWcNAEuPWjqaacKBuOt93zi4VgRKr5ycXHB0KmhUMzlPWTJNMTY5VVlNRThSTEZJRFZRWUtBUS4u\">https://forms.office.com/Pages/ResponsePage.aspx?id=yD_6MWcNAEuPWjqaacKBuOt93zi4VgRKr5ycXHB0KmhUMzlPWTJNMTY5VVlNRThSTEZJRFZRWUtBUS4u</a>&nbsp;</p>"},"authentication":"@parameters('$authentication')"}}}}},"default":{"actions":{"Loop_Through_Constituents":{"foreach":"@outputs('*Select_Form_\"Email\"')?['body/value']","actions":{"*Select_Participant_Attributes":{"runAfter":{},"type":"OpenApiConnection","inputs":{"host":{"apiId":"/providers/Microsoft.PowerApps/apis/shared_blackbaudraisersedge","connectionName":"shared_blackbaudraisersedge","operationId":"CreateParticipant"},"parameters":{"event_id":"@outputs('*Select_Event_ID')?['body/id']","body/constituent_id":"@items('Loop_Through_Constituents')?['id']","body/attended":true,"body/participation_level/name":"@outputs('Get_Response_Details')?['body/r5be02bae9a874d65814ce1b86bc4426d']"},"authentication":"@parameters('$authentication')"}},"Create_Sharepoint_Participant_2":{"runAfter":{"*Select_Participant_Attributes":["Succeeded"]},"type":"OpenApiConnection","inputs":{"host":{"apiId":"/providers/Microsoft.PowerApps/apis/shared_sharepointonline","connectionName":"shared_sharepointonline","operationId":"PostItem"},"parameters":{"dataset":"https://blackbaud.sharepoint.com/sites/CoCCapstone-ProjectTeam","table":"54ae4ca2-7ec0-4d83-91a4-c0bbdd2e7867","item/Title":"@outputs('*Select_Participant_Attributes')?['body/id']","item/Name":"@items('Loop_Through_Constituents')?['name']","item/Email":"@items('Loop_Through_Constituents')?['email']"},"authentication":"@parameters('$authentication')"}}},"runAfter":{},"type":"Foreach"}}},"expression":"@outputs('*Select_Form_\"Email\"')?['body/count']","type":"Switch"}}},"expression":{"equals":["@variables('Participant Found')",true]},"type":"If"}},"outputs":{}},"connectionReferences":{"shared_microsoftforms":{"connectionName":"shared-microsoftform-49f15baf-a8af-41cb-8331-c7a5-0c8333e8","source":"Embedded","id":"/providers/Microsoft.PowerApps/apis/shared_microsoftforms","tier":"NotSpecified"},"shared_blackbaudraisersedge":{"connectionName":"shared-blackbaudrais-4a982b3d-6ba9-4e0c-b6f9-39ca-601cfef6","source":"Embedded","id":"/providers/Microsoft.PowerApps/apis/shared_blackbaudraisersedge","tier":"NotSpecified"},"shared_sharepointonline":{"connectionName":"c4cc15805b64425ca3920c5f3b493741","source":"Embedded","id":"/providers/Microsoft.PowerApps/apis/shared_sharepointonline","tier":"NotSpecified"},"shared_sendmail":{"connectionName":"shared-sendmail-dbd9b600-f47d-4eef-b8b6-73b3-13dc7556","source":"Embedded","id":"/providers/Microsoft.PowerApps/apis/shared_sendmail","tier":"NotSpecified"}},"flowFailureAlertSubscribed":false}}